ID,Time,Distruptor,"Student,visitor, prof/business person",,"Scanner used (1,2, or 3)","Line used (1,2)",Number people working,Time for disruptors (seconds),Number wrong exitors,Following/groups,"Type of Disruption(Mobile, Assistance, Unprepared, Wrong Exiter, Pileup)",,,,,,,
1 -  Start,8:00,Had a QR code to scan,Visitor,,1,1,2,,Priya shift - 0,,Assistance,,,,,,,
2,8:00,,Student or visitor,,2,1,2,,Priya shift - 4,,NA,,,,,,,
3,8:00,,Student or visitor,,1,1,2,,Jennifer shift - 0,,NA,,,,,,,
4,8:00,,Student or visitor,,1,1,2,,Francesca shift  - 14,,NA,,,,,,,
5,8:00,,Student or visitor,,3,1,2,,Sumin shift 1 - 0,,NA,,,,,,,
6,8:00,,Old man,,1,1,2,,Priya shift - 2,,NA,,,,,,,
7,8:00,,student,,1,1,2,,Sumin shift - 0,,NA,,,,,,,
8,8:00,Scooter,student,,3,2,2,,Sumin shift - 34,,Mobile,,,,,,,
9,8:00,,student,,1,2,2,,Francesca shift - 17,,NA,,,,,,,
10,8:00,,prof,,2,2,3,,,,NA,,,,,,,
11,8:00,,prof,,2,2,3,,,,NA,,,,,,,
12,8:00,Had to take out of wallet,student,,1,1,3,,,,Unprepared,,,,,,,
13,8:00,,student,,2,2,3,,,,NA,,,,,,,
14,8:00,,student,,1,2,3,,,,NA,,,,,,,
14,8:00,,student,,2,2,3,,,,NA,,,,,,,
15,8:00,,prof,,1,1,3,,,,NA,,,,,,,
16,8:00,,student,,2,2,3,,,,NA,,,,,,,
17,8:00,,student,,2,2,3,,,,NA,,,,,,,
18,8:00,,student,,1,1,3,,,,NA,,,,,,,
17,8:00,,students,,3,1,3,,,,NA,,,,,,,
19,8:00,,students,,3,1,3,,,,NA,,,,,,,
20,8:00,,students,,3,1,3,,,,NA,,,,,,,
21,8:00,,student,,1,1,3,,,,NA,,,,,,,
22,8:00,,student,,1,1,2,,,,NA,,,,,,,
23,8:00,,prof,,2,2,2,,,,NA,,,,,,,
24,8:00,,prof,,2,1,2,,,,NA,,,,,,,
25,8:00,,student,,1,2,2,,,,NA,,,,,,,
26,8:00,,student,,1,2,2,,,,NA,,,,,,,
27,8:00,,student,,3,2,2,,,,NA,,,,,,,
28,8:00,,prof,,1,2,2,,,,NA,,,,,,,
29,8:00,,student,,1,1,2,,,,NA,,,,,,,
30,8:00,,student,,1,1,2,,,,NA,,,,,,,
31,8:00,,student,,1,1,2,,,,NA,,,,,,,
32,8:00,had to show QR code,student,,1,1,2,,,,Assistance,,,,,,,
33,8:00,,student,,1,1,2,,,,NA,,,,,,,
34,8:00,,,,1,2,2,,,,NA,,,,,,,
35,8:00,,,,1,2,2,,,,NA,,,,,,,
36,8:00,,,,1,2,2,,,,NA,,,,,,,
37,8:00,had to swipe his card,prof,,3,1,2,,,,Unprepared,,,,,,,
38,8:00,,student,,1,2,2,,,,NA,,,,,,,
39,8:00,,student,,1,2,2,,,,NA,,,,,,,
40,8:00,,student,,1,2,2,,,,NA,,,,,,,
41,8:00,,student,,1,2,2,,,,NA,,,,,,,
42,8:00,,,,1,2,2,,,,NA,,,,,,,
43,8:00,,prof,,1,1,2,,,,NA,,,,,,,
44,8:00,,,,1,3,2,,,,NA,,,,,,,
45,8:00,had huge water bottle so had to get id out of his bag,student,,2,1,2,,,,Unprepared,,,,,,,
46,8:00,,student,,2,1,2,,,,NA,,,,,,,
47,8:00,,student,,1,1,2,,,,NA,,,,,,,
48,8:00,,student,,1,1,2,,,,NA,,,,,,,
49,8:00,,student,,1,2,2,,,,NA,,,,,,,
50,8:00,,student,,1,2,2,,,,NA,,,,,,,
51,8:00,,student,,1,2,2,,,,NA,,,,,,,
52,8:00,,student,,2,2,2,,,,NA,,,,,,,
53,8:00,,student,,1,2,2,,,,NA,,,,,,,
54,8:00,,student,,1,1,2,,,,NA,,,,,,,
55,8:00,,student,,1,2,2,,,,NA,,,,,,,
56,8:00,,student,,1,2,2,,,,NA,,,,,,,
57,8:00,,student,,1,2,2,,,,NA,,,,,,,
58,8:00,,student,,1,2,2,,,,NA,,,,,,,
59,8:00,,student,,2,2,2,,,,NA,,,,,,,
60,8:00,,student,,1,2,2,,,,NA,,,,,,,
61,8:00,,student,,1,2,2,,,,NA,,,,,,,
62,8:00,,student,,1,2,2,,,,NA,,,,,,,
63,8:00,,prof,,3,1,2,,,,NA,,,,,,,
64,8:00,had to take out of his bag,student,,1,1,2,,,,Unprepared,,,,,,,
65,8:00,,student,,1,1,2,,,,NA,,,,,,,
66,8:00,,student,,1,1,2,,,,NA,,,,,,,
67,8:00,,student,,1,1,2,,,,NA,,,,,,,
68,8:00,,student,,2,1,2,,,,NA,,,,,,,
69,8:00,,prof,,1,1,2,,,,NA,,,,,,,
70,8:00,,student,,1,2,2,,,,NA,,,,,,,
71,8:00,how to take out id,student,,1,2,2,,,,Unprepared,,,,,,,
72,8:00,,student,,1,2,2,,,,NA,,,,,,,
73,8:00,,student,,1,2,2,,,,NA,,,,,,,
74,8:00,,student,,1,2,2,,,,NA,,,,,,,
75,8:00,,student,,1,2,2,,,,NA,,,,,,,
76,8:00,,student,,1,2,2,,,,NA,,,,,,,
77,8:00,,prof,,1,2,2,,,,NA,,,,,,,
78,8:00,,student,,3,1,2,,,,NA,,,,,,,
79,8:00,,student,,2,1,2,,,,NA,,,,,,,
80,8:00,,student,,2,1,2,,,,NA,,,,,,,
81,8:00,,student,,1,1,2,,,,NA,,,,,,,
82,8:00,,student,,2,1,2,,,,NA,,,,,,,
83,8:00,,student,,1,1,2,,,,NA,,,,,,,
84,8:00,,visitor,,2,1,2,,,,NA,,,,,,,
85,8:00,old man stood there are talked to the nice workers,,,1,1,2,,,,Unprepared,,,,,,,
86,8:00,,student,,1,1,2,,,,NA,,,,,,,
87,8:00,,student,,1,1,2,,,,NA,,,,,,,
88,8:00,,student,,1,1,2,,,,NA,,,,,,,
89,8:00,,student,,2,1,2,,,,NA,,,,,,,
90,8:00,had a TON of stuff in her hand hard to scan,prof,,1,1,2,,,,Unprepared,,,,,,,
91,8:00,,student,,1,1,2,,,,NA,,,,,,,
92,8:00,,student,,3,1,2,,,,NA,,,,,,,
93,8:00,,student,,1,1,2,,,,NA,,,,,,,
94,8:00,,student,,1,1,2,,,,NA,,,,,,,
95,8:00,,student,,3,1,2,,,,NA,,,,,,,
96,8:00,had to swipe id,student,,1,2,2,,,,Unprepared,,,,,,,
97,8:00,,student,,1,1,2,,,,NA,,,,,,,
98,8:00,had to type in her number,,,2,1,2,,,,Assistance,,,,,,,
99,8:00,,,,1,1,2,,,,NA,,,,,,,
100,8:00,,,,1,1,2,,,,NA,,,,,,,
101,8:00,,,,1,1,2,,,,NA,,,,,,,
102,8:00,,student,,1,2,2,,,,NA,,,,,,,
103,8:00,,student,,1,2,2,,,,NA,,,,,,,
104,8:00,,student,,1,2,2,,,,NA,,,,,,,
105,8:00,,student,,2,2,2,,,,NA,,,,,,,
106,8:00,,prof,,1,2,2,,,,NA,,,,,,,
107,8:00,,student,,1,2,2,,,,NA,,,,,,,
108,8:00,,student,,1,2,2,,,,NA,,,,,,,
109,8:00,,student,,1,1,2,,,,NA,,,,,,,
110,8:00,had to swipe her card,student,,1,1,2,,,,Unprepared,,,,,,,
111,8:00,,student,,1,1,2,,,,NA,,,,,,,
112,8:00,biker,student,,2,1,3,,,,Mobile,,,,,,,
113,8:00,went through the exit had to be called back,old woman,,1,1,3,,,,Assistance,,,,,,,
114,8:00,"had to type in her QR code, both workers were helping",student,,1,1,3,,,,Assistance,,,,,,,
115,8:00,had to scan a QR code,visitor,,1,1,3,,,,NA,,,,,,,
116,8:00,,,,1,1,3,,,,NA,,,,,,,
117,8:00,,student,,1,1,3,,,,NA,,,,,,,
118,8:00,,student,,1,2,3,,,,NA,,,,,,,
119,8:00,,student,,2,1,5,,,,NA,,,,,,,
120,8:00,,student,,1,1,5,,,,NA,,,,,,,
121,8:00,had to take out his bag and was running in late to class,student,,3,1,5,,,,Unprepared,,,,,,,
122,8:00,,visitor,,1,1,5,,,,NA,,,,,,,
123,8:00,,student,,1,1,5,,,,NA,,,,,,,
124,8:00,,student,,1,1,5,,,,NA,,,,,,,
125,8:00,,student,,1,2,5,,,,NA,,,,,,,
126,8:00,,student,,2,2,5,,,,NA,,,,,,,
127,8:00,,student,,2,2,5,,,,NA,,,,,,,
128,8:00,,student,,1,2,5,,,,NA,,,,,,,
129,8:00,,student,,1,2,5,,,,NA,,,,,,,
130,8:00,,student,,1,2,5,,,,NA,,,,,,,
131,8:00,,student,,2,2,5,,,,NA,,,,,,,
132,8:00,,student,,1,2,5,,,,NA,,,,,,,
133,8:00,visitor qr code,visitor,,,2,5,,,,Assistance,,,,,,,
134,8:00,,student,,1,2,5,,,,NA,,,,,,,
135,8:00,,student,,1,2,5,,,,NA,,,,,,,
136,8:00,,student,,1,2,5,,,,NA,,,,,,,
137,8:00,,student,,1,2,5,,,,NA,,,,,,,
138,8:00,,student,,1,2,5,,,,NA,,,,,,,
139,8:00,had to swipe,prof,,1,2,5,,,,Unprepared,,,,,,,
140,8:00,,student,,1,2,5,,,,NA,,,,,,,
141,8:00,took a while getting card out of bag,prof/older woman,,3,1,5,,,,Unprepared,,,,,,,
142 -  Start ,12:00,,student,,1,1,1,,,,NA,,,,,,,
143,12:00,,student,,1,1,1,,,,NA,,,,,,,
144,12:00,,student,,1,1,1,,,,NA,,,,,,,
145,12:00,,student,,1,1,1,,,,NA,,,,,,,
146,12:00,,student,,1,1,1,,,,NA,,,,,,,
147,12:00,,student,,1,2,1,,,,NA,,,,,,,
148,12:00,,student,,1,2,2,,,,NA,,,,,,,
149,12:00,,student,,3,2,2,,,,NA,,,,,,,
150,12:00,,student,,1,1,2,,,,NA,,,,,,,
151,12:00,scooter,student,,1,2,2,3,,,Mobile,,,,,,,
152,12:00,,student,,2,1,2,,,,NA,,,,,,,
153,12:00,,student,,1,1,2,,,,NA,,,,,,,
154,12:00,had to take id out of her bag,student,,1,1,2,11.2,,,Unprepared,,,,,,,
155,12:00,,student,,1,1,2,,,,NA,,,,,,,
156,12:00,,student,,1,1,2,,,,NA,,,,,,,
157,12:00,had to swipte her card,student,,2,1,2,3.11,,,Unprepared,,,,,,,
158,12:00,,student,,1,1,2,,,,NA,,,,,,,
159,12:00,,student,,2,1,2,,,following,NA,,,,,,,
160,12:00,on the a phone call,student,,1,1,2,1.25,,,Unprepared,,,,,,,
161,12:00,,student,,1,1,2,,,,NA,,,,,,,
162,12:00,,student,,1,1,2,,,,NA,,,,,,,
163,12:00,,student,,1,1,2,,,,NA,,,,,,,
164,12:00,,student,,1,1,2,,,,NA,,,,,,,
165,12:00,,student,,2,1,2,,,following,NA,,,,,,,
166,12:00,,student,,1,1,2,,,,NA,,,,,,,
167,12:00,,prof,,1,1,2,,,,NA,,,,,,,
168,12:00,,student,,1,1,2,,,,NA,,,,,,,
169,12:00,,student,,2,1,2,,,following,NA,,,,,,,
170,12:00,,student,,3,1,2,,,following,NA,,,,,,,
171,12:00,had to show QR code,student,,1,1,2,4.89,,,Assistance,,,,,,,
172,12:00,,student,,1,1,2,,,,NA,,,,,,,
173,12:00,,student,,2,1,2,,,,NA,,,,,,,
174,12:00,,student,,1,1,2,,,,NA,,,,,,,
175,12:00,,prof,,1,1,2,,,,NA,,,,,,,
176,12:00,,prof,,1,1,2,,,,NA,,,,,,,
177,12:00,had to say her id number,,,1,1,2,10.01,,,Assistance,,,,,,,
178,12:00,,student,,3,1,2,,,,NA,,,,,,,
179,12:00,,student,,2,1,2,,,,NA,,,,,,,
180,12:00,,student,,2,1,2,,,,NA,,,,,,,
181,12:00,,student,,1,1,2,,,,NA,,,,,,,
182,12:00,,student,,1,1,2,,,,NA,,,,,,,
183,12:00,,prof,,2,1,2,,,following,NA,,,,,,,
184,12:00,had a child ,visitor,,1,1,2,2.3,,,Unprepared,,,,,,,
185,12:00,had a dog but no disruption,student,,1,1,2,,,,NA,,,,,,,
186,12:00,,student,,1,1,2,,,,NA,,,,,,,
187,12:00,,student,,3,1,2,,,,NA,,,,,,,
188,12:00,,student,,1,1,2,,,,NA,,,,,,,
189,12:00,,student,,1,1,2,,,,NA,,,,,,,
190,12:00,,student,,1,1,2,,,,NA,,,,,,,
191,12:00,,student,,2,1,2,,,,NA,,,,,,,
192,12:00,"""did it work"" had to swipe her card 3 times",student,,1,1,2,7.65,,,Assistance,,,,,,,
193,12:00,,student,,1,1,2,,,,NA,,,,,,,
194,12:00,,student,,1,1,2,,,,NA,,,,,,,
195,12:00,,student,,1,1,2,,,,NA,,,,,,,
196,12:00,,student,,1,1,2,,,,NA,,,,,,,
197,12:00,,student,,2,1,2,,,last after following 4 people,NA,,,,,,,
198,12:00,,student,,1,1,2,,,,NA,,,,,,,
199,12:00,,student,,1,1,2,,,,NA,,,,,,,
200,12:00,,student,,1,1,2,,,,NA,,,,,,,
201,12:00,,student,,1,1,2,,,,NA,,,,,,,
202,12:00,,student,,3,1,2,,,noticed line behind,NA,,,,,,,
203,12:00,,student,,3,1,2,,,,NA,,,,,,,
204,12:00,,student,,1,1,2,,,,NA,,,,,,,
205,12:00,,student,,2,1,2,,,,NA,,,,,,,
206,12:00,,student,,2,1,2,,,,NA,,,,,,,
207,12:00,,student,,1,1,2,,,,NA,,,,,,,
208,12:00,,student,,1,1,2,,,,NA,,,,,,,
209,12:00,,student,,1,1,2,,,,NA,,,,,,,
210,12:00,,student,,1,1,2,,,,NA,,,,,,,
211,12:00,,student,,1,1,2,,,,NA,,,,,,,
212,12:00,thought hers didnt scan,student,,2,1,2,3.23,,,Assistance,,,,,,,
213,12:00,old lady showed her id for a while,visitor,,1,1,2,15.8,,,Assistance,,,,,,,
214,12:00,,student,,1,1,2,,,,NA,,,,,,,
215,12:00,,student,,1,1,2,,,,NA,,,,,,,
216,12:00,had a TON of chipotle dang that boy hungry,student,,3,1,2,,,,NA,,,,,,,
217,12:00,,student,,1,1,2,,,,NA,,,,,,,
218,12:00,,student,,1,1,2,,,,NA,,,,,,,
219,12:00,checking herself out on the phone for some reason but didnt scan correctly,visitor,,2,1,2,5.43,,,Unprepared,,,,,,,
220,12:00,,student,,2,1,2,,,all following each other,NA,,,,,,,
221,12:00,,student,,2,1,2,,,all following each other,NA,,,,,,,
222,12:00,,student,,2,1,2,,,all following each other,NA,,,,,,,
223,12:00,,student,,3,1,2,,,all following each other,NA,,,,,,,
224,12:00,,student,,1,1,2,,,,NA,,,,,,,
225,12:00,,student,,1,1,2,,,,NA,,,,,,,
226,12:00,old man hunch back,visitor,,1,1,2,1.88,,,NA,,,,,,,
227,12:00,,,,1,1,2,,,,NA,,,,,,,
228,12:00,,,,3,1,2,,,,NA,,,,,,,
229,12:00,,,,1,1,2,,,,NA,,,,,,,
230,12:00,said have a nice day and thought she scanned wrong,student,,1,1,2,2.97,,,Unprepared,,,,,,,
231,12:00,,student,,2,1,2,,,,NA,,,,,,,
232,12:00,skateboarder,student,,1,1,2,0.44,,,Mobile,,,,,,,
233,12:00,,student,,1,1,2,,,,NA,,,,,,,
234,12:00,,student,,1,1,2,,,,NA,,,,,,,
235,12:00,,student,,2,1,2,,,,NA,,,,,,,
236,12:00,,student,,1,1,2,,,,NA,,,,,,,
237,12:00,had a sub sandwich in his hand,student,,3,1,2,,,,NA,,,,,,,
238,12:00,,student,,1,1,2,,,,NA,,,,,,,
239,12:00,,student,,1,1,2,,,,NA,,,,,,,
240,12:00,,student,,1,1,2,,,,NA,,,,,,,
241,12:00,had chick fil a in her hand,student,,3,2,2,,,,NA,,,,,,,
242,12:00,,student,,2,1,2,,,,NA,,,,,,,
243,12:00,,student,,1,1,2,,,,NA,,,,,,,
244,12:00,,student,,1,1,2,,,,NA,,,,,,,
245,12:00,,student,,2,1,2,,,,NA,,,,,,,
246,12:00,,student,,3,1,2,,,following,NA,,,,,,,
247,12:00,,student,,1,1,2,,,,NA,,,,,,,
248,12:00,,student,,1,1,2,,,,NA,,,,,,,
249 - Start ,4:00,,student,,1,1,2,,,,NA,,,,,,,
250,4:00,,student,,1,2,2,,,,NA,,,,,,,
251,4:00,,student,,2,2,2,,,,NA,,,,,,,
252,4:00,left the wrong way,student,,1,2,2,,,,WE,,,,,,,
253,4:00,entrance worng way,student,,1,2,2,,,,WE,,,,,,,
254,4:00,entrance wrong way,student,,1,2,2,,,,WE,,,,,,,
255,4:00,entrance wrong way,student,,1,2,2,,,,WE,,,,,,,
256,4:00,,student,,1,2,2,,,,NA,,,,,,,
257,4:00,entrance wrong way,student,,1,2,2,,,,WE,,,,,,,
258,4:00,entrance wrong way,student,,1,2,2,,,,WE,,,,,,,
259,4:00,,,business person,1,2,2,5,,,NA,,,,,,,
260,4:00,,student,,1,2,2,,,,NA,,,,,,,
261,4:00,"took 47 seconds to look up ID, student",student,,1,2,2,,,,Assistance,,,,,,,
262,4:00,,student,,3,2,2,,,,NA,,,,,,,
263,4:00,"group came in, had to jump ahead, ",student,,3,2,2,,,,NA,,,,,,,
264,4:00,,student,,3,2,2,,,,NA,,,,,,,
265,4:00,,student,,3,2,2,,,,NA,,,,,,,
266,4:00,,student,,3,2,2,,,,NA,,,,,,,
267,4:00,,student,,2,2,2,,,,NA,,,,,,,
268,4:00,,student,,1,2,2,,,,NA,,,,,,,
269,4:00,jumped the line to scan faster,student,,2,2,2,,,,NA,,,,,,,
270,4:00,,student,,1,2,2,,,,NA,,,,,,,
271,4:00,student has to look up took 40 seconds,student,,1,2,2,,,,NA,,,,,,,
272,4:00,jumped around took 3 seconds,student,,1,2,2,,,,NA,,,,,,,
273,4:00,had to walk back took 10 seconds,student,,1,2,2,,,,NA,,,,,,,
274,4:00,,student,,1,2,2,,,,NA,,,,,,,
275,4:00,,student,,2,2,2,,,,NA,,,,,,,
276,4:00,,student,,1,2,2,,,,NA,,,,,,,
277,4:00,"Im seeing a lot of ""walk arounds""",student,,1,2,2,,,,NA,,,,,,,
278,4:00,"person on massive bike, took 3 seconds",student,,1,2,2,3,,,Mobile,,,,,,,
279,4:00,,student,,1,2,2,,,,NA,,,,,,,
280,4:00,scooter got off and scanned,student,,1,2,2,,,,Mobile,,,,,,,
281,4:00,had to look up their ID but were also chattingw ith the people. ,student,,,2,2,120,,,Unprepared,,,,,,,
282,4:00,^^ friend of this guy,student,,,2,2,120,,,Pileup,,,,,,,
283,4:00,"walked around, then walked back to scan at 1 took 5 seconds",student,,1,2,2,,,,Unprepared,,,,,,,
284,4:00,,student,,1,2,2,,,,NA,,,,,,,
285,4:00,,student,,,2,2,,,,NA,,,,,,,
286,4:00,walked around the 2 guys,student,,1,2,2,,,,Unprepared,,,,,,,
287,4:00,"scooter, walked around the 2 guys",student,,1,2,2,,,,Mobile,,,,,,,
288,4:00,,student,,1,2,2,,,,NA,,,,,,,
289,4:00,,student,,1,2,2,,,,NA,,,,,,,
290,4:00,,student,,1,2,2,,,,NA,,,,,,,
291,4:00,entrance wrong way,student,,,2,2,,,,WE,,,,,,,
292,4:00,entrance wrong way exit,student,,,2,2,,,,WE,,,,,,,
293,4:00,entrance wrong way exit,student,,,2,2,,,,WE,,,,,,,
294,4:00,entrance wrong way exit,,,,2,2,,,,WE,,,,,,,
295,4:00,came in on bike and was able to scan easy,,,1,2,2,,,,Mobile,,,,,,,
296 - Start ,8:00,,prof,,1,1,2,,,,NA,,,,,,,
297,8:00,,student,,2,1,2,,,,NA,,,,,,,
298,8:00,had a huge bucket and took a while to get card out,visitor/worker,,1,1,2,13.23,,,Unprepared,,,,,,,
299,8:00,,older man/prof,,2,1,2,,,,NA,,,,,,,
300,8:00,,business people,,1,1,3,,,,NA,,,,,,,
301,8:00,,business people,,2,1,3,,,following one before,NA,,,,,,,
302,8:00,,business people,,2,1,3,,,following two before,NA,,,,,,,
303,8:00,,business people,,2,1,3,,,,NA,,,,,,,
304,8:00,,business people,,1,1,3,,,following one before,NA,,,,,,,
305,8:00,,business people,,3,1,3,,,following two before,NA,,,,,,,
306,8:00,skater had to like swish card,,,2,1,3,,,,Mobile,,,,,,,
307,8:00,,student ,,1,2,3,,,,NA,,,,,,,
308,8:00,had to talk to worker about something,student ,,1,1,3,7.77,,,Assistance,,,,,,,
309,8:00,,student ,,1,1,3,,,,NA,,,,,,,
310,8:00,,student ,,1,1,3,,,,NA,,,,,,,
311,8:00,,prof/business person,,1,2,3,,,,NA,,,,,,,
312,8:00,,prof/business person,,1,1,3,,,all following,NA,,,,,,,
313,8:00,,prof/business person,,3,1,3,,,all following,NA,,,,,,,
314,8:00,,prof/business person,,1,1,3,,,all following,NA,,,,,,,
315,8:00,had coffee and stuff in her hand,prof/business person,,1,2,3,12.96,,,Unprepared,,,,,,,
316,8:00,,student ,,1,2,3,,,,NA,,,,,,,
317,8:00,,business people,,2,1,3,,,,NA,,,,,,,
318,8:00,,business people,,1,1,3,,,,NA,,,,,,,
319,8:00,,business people,,1,1,3,,,,NA,,,,,,,
320,8:00,,student ,,1,1,3,,,,NA,,,,,,,
321,8:00,,student ,,2,1,3,,,,NA,,,,,,,
322,8:00,,student ,,1,2,3,,,,NA,,,,,,,
323,8:00,,prof/business person,,1,1,3,,,,NA,,,,,,,
324,8:00,,prof/business person,,1,1,3,,,,NA,,,,,,,
325,8:00,,business person,,1,1,3,,,,NA,,,,,,,
326,8:00,,student ,,1,1,3,,,,NA,,,,,,,
327,8:00,,business person,,1,1,3,,,,NA,,,,,,,
328,8:00,,student ,,2,1,3,,,following bp behind,NA,,,,,,,
329,8:00,,student,,1,1,3,,,,NA,,,,,,,
330,8:00,"on a huge bike and had to hand her card, then started talking for a while",student,,3,1,3,16.55,,,Mobile,,,,,,,
331,8:00,,student,,1,1,3,,,,NA,,,,,,,
332,8:00,,business person,,2,1,3,,,,NA,,,,,,,
333,8:00,,student,,2,1,3,,,following one before,NA,,,,,,,
334,8:00,,student,,3,1,3,,,following two before,NA,,,,,,,
335,8:00,,student,,3,1,3,,,,NA,,,,,,,
336,8:00,,student,,1,1,3,,,,NA,,,,,,,
337,8:00,,student,,1,1,3,,,,NA,,,,,,,
338,8:00,,student,,1,2,3,,,,NA,,,,,,,
339,8:00,biker ,student,,1,2,3,,,,Mobile,,,,,,,
340,8:00,,student,,1,1,3,,,,NA,,,,,,,
341,8:00,had to say out loud her id,student,,3,2,3,19.43,,,Assistance,,,,,,,
342,8:00,,student,,1,1,3,,,,NA,,,,,,,
343,8:00,,student,,2,1,3,,,,NA,,,,,,,
344,8:00,,student,,1,2,3,,,,NA,,,,,,,
345,8:00,had to get her id out,older mom or something,,1,1,2,73,,,Unprepared,,,,,,,
346,8:00,,student,,2,1,2,,,,NA,,,,,,,
347,8:00,,business person,,1,2,2,,,,NA,,,,,,,
348,8:00,,student,,1,1,2,,,,NA,,,,,,,
349,8:00,,student,,1,1,2,7,,,NA,,,,,,,
350,8:00,,student,,1,1,2,,,,NA,,,,,,,
351,8:00,was a runner had to go around guy above,student,,2,1,2,,,following,Unprepared,,,,,,,
352,8:00,,student,,2,1,2,,,,NA,,,,,,,
353,8:00,,student,,3,2,2,,,,NA,,,,,,,
354,8:00,,student,,1,1,2,,,,NA,,,,,,,
355,8:00,,student,,2,1,2,,,,NA,,,,,,,
356,8:00,had to swipe her id card,business person,,3,1,2,3.49,,,Unprepared,,,,,,,
357,8:00,,student,,1,1,2,,,,NA,,,,,,,
358,8:00,had to talk to worker,business person,,2,1,2,6.76,,,Assistance,,,,,,,
359,8:00,,business person,,2,2,2,,,,NA,,,,,,,
360,8:00,,business person,,1,2,2,,,following,NA,,,,,,,
361,8:00,,student,,3,1,2,,,,NA,,,,,,,
362,8:00,,student,,1,1,2,,,following one before,NA,,,,,,,
363,8:00,,student,,1,1,2,,,following two before,NA,,,,,,,
364,8:00,,student,,1,2,2,,,,NA,,,,,,,
365,8:00,,student,,1,1,2,,,,NA,,,,,,,
366,8:00,had a dog,older person,,3,1,2,2.27,,,Unprepared,,,,,,,
367,8:00,,student,,2,2,2,,,,NA,,,,,,,
368,8:00,,business person,,2,1,2,,,,NA,,,,,,,
369,8:00,,student,,2,1,2,,,,NA,,,,,,,
370,8:00,,student,,1,2,2,,,,NA,,,,,,,
371,8:00,had to swipe her id card,student,,1,1,2,4.43,,,Assistance,,,,,,,
372,8:00,had coffee in his hand had to bend down,student,,1,1,2,2.89,,,Unprepared,,,,,,,
373,8:00,,student,,1,1,2,,,,NA,,,,,,,
374,8:00,,student,,1,2,2,,,,NA,,,,,,,
375,8:00,was just talking to the worker on the side,dad looking man,,2,2,2,46,,,Unprepared,,,,,,,
376,8:00,,student,,2,1,2,,,,NA,,,,,,,
377,8:00,,student,,1,2,2,,,,NA,,,,,,,
378,8:00,,student,,2,1,2,,,,NA,,,,,,,
379,8:00,,prof,,2,1,2,,,,NA,,,,,,,
380,8:00,had to talk to the worker about somethinhg,business person,,2,1,2,30,,,Assistance,,,,,,,
381,8:00,,business people,,2,1,2,,,,NA,,,,,,,
382,8:00,had like two instruments in his hand,student,,2,2,2,8.9,,,Unprepared,,,,,,,
383,8:00,had to show QR codes and coffee briefs everything,business people,,1,1,2,23,,group,Assistance,,,,,,,
384,8:00,had to show QR codes and coffee briefs everything,business people,,2,1,2,24,,group,Assistance,,,,,,,
385,8:00,had to show QR codes and coffee briefs everything,business people,,2,1,2,25,,group,Assistance,,,,,,,
386,8:00,had to show QR codes and coffee briefs everything,business people,,2,1,2,26,,group,Assistance,,,,,,,
387,8:00,,prof,,2,2,2,,,,NA,,,,,,,
388,8:00,,student,,1,2,2,,,,NA,,,,,,,
389,8:00,,business person,,2,1,2,,,,NA,,,,,,,
390,8:00,,bus person,,1,2,2,,,,NA,,,,,,,
391,8:00,,student,,1,1,2,,,,NA,,,,,,,
392,8:00,had to show qr code,business person,,2,2,2,14.34,,group,Assistance,,,,,,,
393,8:00,had to show qr code,business person,,2,2,2,16,,group,Assistance,,,,,,,
394,8:00,,student,,2,1,2,,,,NA,,,,,,,
395,8:00,had to show qr code,business person,,2,1,2,18.78,,group,Assistance,,,,,,,
396,8:00,had to show qr code,business person,,2,1,2,19,,group,Assistance,,,,,,,
397,8:00,had to show qr code,business person,,2,1,2,22,,group,Assistance,,,,,,,
398,8:00,,prof,,2,2,2,,,,NA,,,,,,,
399,8:00,,student,,1,1,2,,,,NA,,,,,,,
400,8:00,,student,,3,1,2,,,following had to go around,NA,,,,,,,
401,8:00,had to show qr code,business person,,2,2,2,,,,Assistance,,,,,,,
402 - Start ,12:00,,,,,,,,,,NA,,,,,,,
403,12:00,entrance wrong way,,,,,,,,,WE,,,,,,,
404,12:00,entrance wrong way,,,,,,,,,WE,,,,,,,
405,12:00,entrance wrong way,,,,,,,,,WE,,,,,,,
406,12:00,entrance wrong way,,,,,,,,,WE,,,,,,,
407,12:00,entrance wrong way,,,,,,,,,WE,,,,,,,
408,12:00,entrance wrong way,,,,,,,,,WE,,,,,,,
409,12:00,,vistor,,3,2,3,3,,,Unprepared,,,,,,,
410,12:00,look for in beg,vistor,,1,2,3,30,,,Unprepared,,,,,,,
411,12:00,"Caused a pile up of 10 people, all use scanner 1",vistor,,1,2,3,,,following,NA,,,,,,,
412,12:00,,vistor,,1,2,3,,,following,NA,,,,,,,
413,12:00,,vistor,,1,2,3,30,,following,Unprepared,,,,,,,
414,12:00,,visitor,,1,2,3,,,following,NA,,,,,,,
415,12:00,,vistor,,1,2,3,,,following,NA,,,,,,,
416,12:00,,v,,1,2,3,,,following,NA,,,,,,,
417,12:00,,v,,1,2,3,,,following,NA,,,,,,,
418,12:00,,vistor,,1,2,3,,,,NA,,,,,,,
419,12:00,,student,,1,2,3,,,,NA,,,,,,,
420,12:00,"pair of 2, looking for id on phone",vistor,,1,2,3,25,,,Assistance,,,,,,,
421,12:00,,vistor,,1,2,3,,,,NA,,,,,,,
422,12:00,left entrance wrong way,vistor,,1,2,3,,,,WE,,,,,,,
423,12:00,left entrance wrong way,visotr,,1,2,3,,,,WE,,,,,,,
424,12:00,"when in pairs of two, they go to the same scanner (1)",vistor,,1,2,3,15,,,Unprepared,,,,,,,
425,12:00,,visitor,,1,2,3,7.5,,Average time,Pileup,,,,,,,
426,12:00,,vistor,,1,2,3,7.5,,Took 8th person 1 minute to get through,Pileup,,,,,,,
427,12:00,,student,,1,1,3,7.5,,,Pileup,,,,,,,
428,12:00,"pile up of 8 people, because doinglookup",student,,1,2,3,7.5,,,Pileup,,,,,,,
429,12:00,,student,,1,2,3,7.5,,,Pileup,,,,,,,
430,12:00,,student,,1,2,3,7.5,,,Pileup,,,,,,,
431,12:00,,student,,1,2,3,7.5,,,Pileup,,,,,,,
432,12:00,,student,,1,2,3,7.5,,,Pileup,,,,,,,
433,12:00,,student,,1,2,3,,,,NA,,,,,,,
434,12:00,,student,,1,2,3,,,,NA,,,,,,,
435,12:00,,vistor,,1,2,3,,,,NA,,,,,,,
436,12:00,,vistor,,1,2,3,,,,NA,,,,,,,
437,12:00,,vistor,,1,2,3,,,,NA,,,,,,,
438,12:00,,vistor,,1,2,3,,,,NA,,,,,,,
439,12:00,,vistor,,1,2,3,,,,NA,,,,,,,
410,12:00,,vistor,,1,2,3,,,,NA,,,,,,,
411,12:00,"people go to scanner one, then they walk around them to scanner 2",student,,2,2,3,,,,NA,,,,,,,
412,12:00,,student,,2,2,3,,,,NA,,,,,,,
413,12:00,,student,,1,2,3,,,,NA,,,,,,,
414,12:00,entrance wrong way,vistor,,,,,,,,WE,,,,,,,
415,12:00,entrance wrong way,vistor,,,,,,,,WE,,,,,,,
416,12:00,entrance wrong way,vistor,,,,,,,,WE,,,,,,,
417,12:00,entrance wrong way,vistor,,,,,,,,WE,,,,,,,
418,12:00,entrance wrong way,vistor,,,,,,,,WE,,,,,,,
419,12:00,,vistor,,1,1,3,,,,NA,,,,,,,
420,12:00,,vistor,,1,1,3,,,,NA,,,,,,,
421,12:00,,student,,1,1,3,,,,NA,,,,,,,
422,12:00,,vistor,,1,1,3,,,,NA,,,,,,,
423,12:00,,student,,1,1,3,,,,NA,,,,,,,
424,12:00,,vistor,,1,2,3,,,,NA,,,,,,,
425,12:00,,vistor,,1,1,3,,,,NA,,,,,,,
426,12:00,in a group of 3,vistor,,1,1,3,,,,NA,,,,,,,
427,12:00,,vistor,,1,2,3,,,,NA,,,,,,,
428,12:00,,visitor,,1,2,3,,,,NA,,,,,,,
429,12:00,,vistitor,,1,2,3,,,,NA,,,,,,,
430,12:00,pile up caused by lookup of ID,vistor,,1,2,3,40,,,Assistance,,,,,,,
431,12:00,10 people,,,1,2,3,4,,following,Pileup,,,,,,,
432,12:00,,,,1,2,3,4,,following,Pileup,,,,,,,
433,12:00,,,,1,2,3,4,,following,Pileup,,,,,,,
434,12:00,,,,1,2,3,4,,following,Pileup,,,,,,,
435,12:00,,,,1,2,3,4,,following,Pileup,,,,,,,
436,12:00,,,,1,2,3,4,,following,Pileup,,,,,,,
437,12:00,"all are going to scanner 1 and 2, scanner 3 not used",,,1,2,3,4,,following,Pileup,,,,,,,
438,12:00,,,,1,2,3,4,,following,Pileup,,,,,,,
439,12:00,,,,1,2,3,4,,following,Pileup,,,,,,,
440,12:00,,,,1,2,3,4,,following,Pileup,,,,,,,
441,12:00,,,,1,2,3,4,,following,Pileup,,,,,,,
442,12:00,,,,1,2,3,4,,following,Pileup,,,,,,,
443,12:00,,,,1,2,3,4,,following,Pileup,,,,,,,
444,12:00,,,,1,2,3,50,,group of 6,NA,,,,,,,
445,12:00,,,,1,2,3,8.3,,group,NA,,,,,,,
446,12:00,,,,1,2,3,8.3,,group,NA,,,,,,,
447,12:00,,,,1,2,3,8.3,,group,NA,,,,,,,
448,12:00,,,,1,2,3,8.3,,group,NA,,,,,,,
449,12:00,,,,1,2,3,8.3,,group,NA,,,,,,,
450,12:00,,,,1,2,3,8.3,,group,NA,,,,,,,
"451- Start 
",4:00,"issue with the sign in, had to talk to worker",visitor,,2,2,4,16,,family of 3,Assistance,,,,,,,
452,4:00,,student,,2,1,4,,,,NA,,,,,,,
453,4:00,had to give his ID to sign in with a family,visitor,,1,1,4,5,,family of 2,Assistance,,,,,,,
454,4:00,was asking about somthing on a map,visitors,,1,1,4,28,,family of 4,Assistance,,,,,,,
455,4:00,had to show her ID,visitors,,2,1,4,8,,family of 2,Assistance,,,,,,,
456,4:00,had to both show their ID from their fanny packs,visitors,,1,1,4,27,,group of 2,Assistance,,,,,,,
457,4:00,,student,,1,1,4,,,,NA,,,,,,,
458,4:00,had to show an ID,visitor,,3,1,4,10,,,Unprepared,,,,,,,
459,4:00,had to show their IDs,visitors,,3,1,4,60,,family of 2,Unprepared,,,,,,,
460,4:00,,student,,1,1,4,,,,NA,,,,,,,
461,4:00,,student,,1,1,4,,,,NA,,,,,,,
462,4:00,all had to sca their ids,,,1,2,4,,,,Unprepared,,,,,,,
463,4:00,had to show his ID and talked to the worker for while,visitor,,1,1,4,105,,,Assistance,,,,,,,
464,4:00,,student,,1,1,4,,,,NA,,,,,,,
465,4:00,had to show his ID,,,1,1,4,10,,,Unprepared,,,,,,,
466,4:00,,students,,1,1,4,,,group of 2,NA,,,,,,,
467,4:00,on a wheelchair and had to get his ID out,visitor,,2,1,4,42,,group of 2,Unprepared,,,,,,,
468,4:00,mans didnt even scan in and then got stopped what is blud doing,visitor,,3,1,4,12,,,NA,,,,,,,
469,4:00,had to explain something and then get out her ID,visitor,,3,1,4,41,,group of 2,NA,,,,,,,
470,4:00,,students,,2,1,4,,,,NA,,,,,,,
471,4:00,find id in wallet,visitor,,1,2,4,120,,,Unprepared,,,,,,,
472,4:00,,visitor,,1,2,4,,,,NA,,,,,,,
473,4:00,,visitor,,1,2,4,,,,NA,,,,,,,
474,4:00,,visitor,,1,2,4,,,,NA,,,,,,,
475,4:00,,visitor,,1,2,4,,,,NA,,,,,,,
476,4:00,,visitor,,1,2,4,,,,NA,,,,,,,
477,4:00,typed id ,visitor,,1,2,4,2,,,Assistance,,,,,,,
478,4:00,,student,,3,1,4,,,,NA,,,,,,,
479,4:00,,student,,3,1,4,,,,NA,,,,,,,
480,4:00,,student,,1,2,4,,,,NA,,,,,,,
481,4:00,,student,,1,2,4,,,,NA,,,,,,,
482,4:00,,student,,1,2,4,,,,NA,,,,,,,
483,4:00,,student,,1,2,4,,,,NA,,,,,,,
484,4:00,only two workers helping with scanning id,student,,1,2,4,,,,Pileup,,,,,,,
485,4:00,,student,,1,2,4,,,,NA,,,,,,,
486,4:00,,student,,1,2,4,,,,NA,,,,,,,
487,4:00,,student,,1,2,4,,,,NA,,,,,,,
488,4:00,,student,,1,2,4,,,,NA,,,,,,,
489,4:00,,student,,1,2,4,,,,NA,,,,,,,
490,4:00,,student,,1,2,4,,,,NA,,,,,,,
491,4:00,,student,,1,2,4,13,,,NA,,,,,,,
492,4:00,,student,,1,,4,,,,NA,,,,,,,
493,4:00,,student,,1,,4,,,,NA,,,,,,,
494,4:00,,student,,1,,4,,,,NA,,,,,,,
495,4:00,,student,,3,,4,,,,NA,,,,,,,
496,4:00,,sanners seem to be more efficient than i pad,,3,,4,,,,NA,,,,,,,
497,4:00,had to say her number,professional person,,2,1,4,12,,,Assistance,,,,,,,
498,4:00,,worker,,3,1,4,,,,NA,,,,,,,
499,4:00,wrong entrance,,,,,,,,,WE,,,,,,,
500,4:00,wrong entrance,,,,,,,,,WE,,,,,,,
501,4:00,had to type in id,student,,1,2,4,30,,,Assistance,,,,,,,
502,4:00,group of 8 was blocking the entrance so other people could not get pass,student,,1,2,4,,,,Pileup,,,,,,,
503,4:00,,student,,1,2,4,,,,Pileup,,,,,,,
504,4:00,,student,,1,2,4,,,,Pileup,,,,,,,
505,4:00,,student,,1,2,4,,,,Pileup,,,,,,,
506,4:00,worker was not motioning that second scanner was open,student,,1,2,4,,,,Pileup,,,,,,,
"507- Start 
",4:00,,student,,,,3,,,,Pileup,,,,,,,
508,4:00,,student,,,,3,,,,Pileup,,,,,,,
509,4:00,,student,,,,3,,,,Pileup,,,,,,,
510,4:00,,student,,,,3,,,,NA,,,,,,,
511,4:00,,student,,,,3,,,,NA,,,,,,,
512,4:00,,student,,,,3,,,,NA,,,,,,,
513,4:00,,student,,,,3,,,,NA,,,,,,,
514,4:00,,student,,,,3,,,,NA,,,,,,,
515,4:00,,student,,,,3,,,,NA,,,,,,,
516,4:00,,student,,,,3,,,,NA,,,,,,,
517,4:00,,student,,,,3,,,,NA,,,,,,,
518,4:00,,student,,,,3,,,,NA,,,,,,,
519,4:00,,student,,,,3,,,,NA,,,,,,,
520,4:00,,student,,,,3,,,,NA,,,,,,,
521,4:00,,student,,,,3,,,,NA,,,,,,,
522,4:00,,student,,,,3,,,,NA,,,,,,,
523,4:00,,student,,,,3,,,,NA,,,,,,,
524,4:00,,student,,,,3,,,,NA,,,,,,,
525,4:00,,student,,,,3,,,,NA,,,,,,,
526,4:00,,student,,,,3,,,,NA,,,,,,,
527,4:00,,student,,,,3,,,,NA,,,,,,,
528,4:00,,student,,,,3,,,,NA,,,,,,,
529,4:00,,student,,,,3,,,,NA,,,,,,,
530,4:00,,student,,,,3,,,,NA,,,,,,,
531,4:00,,student,,,,3,,,,NA,,,,,,,
532,4:00,,student,,,,3,,,,NA,,,,,,,
533,4:00,double checking to see if id scanned ,student,,,,3,3,,,NA,,,,,,,
534,4:00,,student,,,,3,,,,NA,,,,,,,
535,4:00,,student,,,,3,,,,NA,,,,,,,
536,4:00,,student,,,,3,,,,NA,,,,,,,
537,4:00,,student,,,,3,,,,NA,,,,,,,
538,4:00,pulling id out of wallet ,student,,,,3,3,,,Unprepared,,,,,,,
539,4:00,setting something down on table then scanning ,student,,,,3,5,,,Unprepared,,,,,,,
540,4:00,,student,,,,3,,,,NA,,,,,,,
541,4:00,asked to enter ID number,student,,,,3,49,,,Assistance,,,,,,,0.49
542,4:00,"541 took a while, waited for her to scan",student,,,,3,4,,cluster of 4,Pileup,,,,,,,0.04
543,4:00,"541 took a while, waited for her to scan",student,,,,3,4,,cluster of 4,Pileup,,,,,,,0.04
544,4:00,"541 took a while, waited for her to scan",student,,,,3,4,,cluster of 4,Pileup,,,,,,,0.04
545,4:00,"541 took a while, waited for her to scan",student,,,,3,4,,cluster of 4,Pileup,,,,,,,0.04
546,4:00,set down stuff to scan,student,,,,3,10,,cluster of 3,Assistance,,,,,,,0.1
547,4:00,"546 took a while, waited for her to scan",student,,,,3,3,,cluster of 3,Pileup,,,,,,,0.03
548,4:00,"546 took a while, waited for her to scan",student,,,,3,3,,cluster of 3,Pileup,,,,,,,0.03
549,4:00,"546 took a while, waited for her to scan",student,,,,3,3,,cluster of 3,Pileup,,,,,,,0.03
550,4:00,type in usc id,student,,,,3,6,,,Assistance,,,,,,,0.06
551,4:00,is tap didn't go through the first time ,student,,,,3,6,,,Unprepared,,,,,,,0.06
552,4:00,stepping on and off scooter to tap in,student,,,,3,6,,,Mobile,,,,,,,0.06
553,4:00,showing qr code for an event ,VIsitor,,,,3,6,,,Assistance,,,,,,,0.06
554,4:00,"visitor, asked to walk in without id ",Visitor,,,,3,48,,,Assistance,,,,,,,0.48
555,4:00,student on bike ,student,,,,3,13,,,Mobile,,,,,,,0.13
556,4:00,Scooter,student,,,,3,6,,,Mobile,,,,,,,0.06
557,4:00,digging in purse to find id,student,,,,3,3,,,Unprepared,,,,,,,0.03
558,4:00,scanning wasn't working ,student,,,,3,8,,,Unprepared,,,,,,,0.08
559,4:00,scanning wasn't working ,student,,,,3,8,,,Unprepared,,,,,,,0.08
560,4:00,visitor showed id and they had to process him. ,Visitor,,,,3,66,,,Assistance,,,,,,,
561,4:00,,student,,,,3,,,,NA,,,,,,,
562,4:00,,student,,,,3,,,,NA,,,,,,,
563,4:00,,student,,,,3,,,,NA,,,,,,,
564,4:00,,student,,,,3,,,,NA,,,,,,,
565,4:00,,student,,,,3,,,,NA,,,,,,,
566,4:00,,student,,,,3,,,,NA,,,,,,,
567,4:00,,student,,,,3,,,,NA,,,,,,,
568,4:00,,student,,,,3,,,,NA,,,,,,,
569,4:00,,student,,,,3,,,,NA,,,,,,,
570,4:00,,student,,,,3,,,,NA,,,,,,,
571,4:00,,student,,,,3,,,,NA,,,,,,,
572,4:00,,student,,,,3,,,,NA,,,,,,,
573,4:00,,student,,,,3,,,,NA,,,,,,,
574,4:00,,student,,,,3,,,,NA,,,,,,,
575,4:00,,student,,,,3,,,,NA,,,,,,,
576,4:00,,student,,,,3,,,,NA,,,,,,,
577,4:00,,student,,,,3,,,,NA,,,,,,,
578,4:00,,student,,,,3,,,,NA,,,,,,,
579,4:00,,student,,,,3,,,,NA,,,,,,,
580,4:00,,student,,,,3,,,,NA,,,,,,,
581,4:00,,student,,,,3,,,,NA,,,,,,,
582,4:00,,student,,,,3,,,,NA,,,,,,,
583,4:00,,student,,,,3,,,,NA,,,,,,,
584,4:00,,student,,,,3,,,,NA,,,,,,,
585,4:00,,student,,,,3,,,,NA,,,,,,,
586,4:00,,student,,,,3,,,,NA,,,,,,,
587,4:00,,student,,,,3,,,,NA,,,,,,,
588,4:00,,student,,,,3,,,,NA,,,,,,,
589,4:00,,student,,,,3,,,,NA,,,,,,,
590,4:00,,student,,,,3,,,,NA,,,,,,,
591,4:00,,student,,,,3,,,,NA,,,,,,,
592,4:00,student walked through then went back to tell them her id number,student,,,,3,15,,,Unprepared,,,,,,,
593 - Start,4:00,scooter,student,,,,3,5,,,Mobile,,,,,,,
594,4:00,were behind scooter,student,,,,3,5,cluster of 3,,Pileup,,,,,,,
595,4:00,were behind scooter,student,,,,3,5,cluster of 4,,Pileup,,,,,,,
596,4:00,were behind scooter,student,,,,3,5,cluster of 5,,Pileup,,,,,,,
597,4:00,,student,,,,3,,,,NA,,,,,,,
598,4:00,,student,,,,3,,,,NA,,,,,,,
599,4:00,,student,,,,3,,,,NA,,,,,,,
600,4:00,,student,,,,3,,,,NA,,,,,,,
601,4:00,,student,,,,3,,,,NA,,,,,,,
602,4:00,,student,,,,3,,,,NA,,,,,,,
603,4:00,,student,,,,3,,,,NA,,,,,,,
604,4:00,,student,,,,3,,,,NA,,,,,,,
605,4:00,,student,,,,3,,,,NA,,,,,,,
606,4:00,,student,,,,3,,,,NA,,,,,,,
607,4:00,,student,,,,3,,,,NA,,,,,,,
608,4:00,,student,,,,3,,,,NA,,,,,,,
609,4:00,,student,,,,3,,,,NA,,,,,,,
610,4:00,,student,,,,3,,,,NA,,,,,,,
611,4:00,,student,,,,3,,,,NA,,,,,,,
612,4:00,,student,,,,3,,,,NA,,,,,,,
613,4:00,,student,,,,3,,,,NA,,,,,,,
614,4:00,,student,,,,3,,,,NA,,,,,,,
615,4:00,,student,,,,3,,,,NA,,,,,,,
616,4:00,,student,,,,3,,,,NA,,,,,,,
617,4:00,,student,,,,3,,,,NA,,,,,,,
618,4:00,,student,,,,3,,,,NA,,,,,,,
619,4:00,,student,,,,3,,,,NA,,,,,,,
620,4:00,,student,,,,3,,,,NA,,,,,,,
621,4:00,,student,,,,3,,,,NA,,,,,,,
622,4:00,,student,,,,3,,,,NA,,,,,,,
623,4:00,,student,,,,3,,,,NA,,,,,,,
624,4:00,,student,,,,3,,,,NA,,,,,,,
625,4:00,,student,,,,3,,,,NA,,,,,,,
626,4:00,,student,,,,3,,,,NA,,,,,,,
627,4:00,,student,,,,3,,,,NA,,,,,,,
628,4:00,,student,,,,3,,,,NA,,,,,,,
629,4:00,,student,,,,3,,,,NA,,,,,,,
630,4:00,,student,,,,3,,,,NA,,,,,,,
631,4:00,,student,,,,3,,,,NA,,,,,,,
632,4:00,,student,,,,3,,,,NA,,,,,,,
633,4:00,,student,,,,3,,,,NA,,,,,,,
634,4:00,,student,,,,3,,,,NA,,,,,,,
635,4:00,,student,,,,3,,,,NA,,,,,,,
636,4:00,,student,,,,3,,,,NA,,,,,,,
637,4:00,baby stroller ,Visitor,,,,3,5,,,Assistance,,,,,,,
638,4:00,i'd didn't tap,student,,,,3,4,,,Assistance,,,,,,,
639,4:00,,student,,,,3,,,,NA,,,,,,,
640,4:00,,student,,,,3,,,,NA,,,,,,,
641,4:00,,student,,,,3,,,,NA,,,,,,,
642,4:00,,student,,,,3,,,,NA,,,,,,,
643,4:00,,student,,,,3,,,,NA,,,,,,,
644,4:00,,student,,,,3,,,,NA,,,,,,,
645,4:00,,student,,,,3,,,,NA,,,,,,,
646,4:00,,student,,,,3,,,,NA,,,,,,,
647,4:00,,student,,,,3,,,,NA,,,,,,,
648,4:00,,student,,,,3,,,,NA,,,,,,,
649,4:00,,student,,,,3,,,,NA,,,,,,,
650,4:00,,student,,,,3,,,,NA,,,,,,,
651,4:00,,student,,,,,,,,NA,,,,,,,
652,4:00,,student,,,,,,,,NA,,,,,,,
653,4:00,,student,,,,,,,,NA,,,,,,,
654,4:00,,student,,,,,,,,NA,,,,,,,
655,4:00,,student,,,,,,,,NA,,,,,,,
656,4:00,,student,,,,,,,,NA,,,,,,,
657,4:00,,student,,,,,,,,NA,,,,,,,
658,4:00,,student,,,,,,,,NA,,,,,,,
659,4:00,,student,,,,,,,,NA,,,,,,,
660,4:00,,student,,,,,,,,NA,,,,,,,
661,4:00,,student,,,,,,,,NA,,,,,,,
662,4:00,,student,,,,,,,,NA,,,,,,,
663,4:00,,student,,,,,,,,NA,,,,,,,
664,4:00,,student,,,,,,,,NA,,,,,,,
665,4:00,,student,,,,,,,,NA,,,,,,,
666,4:00,,student,,,,,,,,NA,,,,,,,
667,4:00,,student,,,,,,,,NA,,,,,,,
668,4:00,,student,,,,,,,,NA,,,,,,,
669,4:00,,student,,,,,,,,NA,,,,,,,
670,4:00,,student,,,,,,,,NA,,,,,,,
671,4:00,,student,,,,,,,,NA,,,,,,,
672,4:00,,student,,,,,,,,NA,,,,,,,
673,4:00,,student,,,,,,,,NA,,,,,,,
674,4:00,prof taking out his id,prof,,,,,13.02,,,Unprepared,,,,,,,
675,4:00,woman didn't know check in process and visitor,visitor,,,,,5.77,,,Assistance,,,,,,,
676,4:00,bike,student,,,,,12.56,,,Mobile,,,,,,,
677,4:00,scooter,student,,,,,3,,,Mobile,,,,,,,
678,4:00,,student,,,,,,,,NA,,,,,,,
679,4:00,,student,,,,,,,,NA,,,,,,,
680,4:00,,student,,,,,,,,NA,,,,,,,
681,4:00,,student,,,,,,,,NA,,,,,,,
682,4:00,,student,,,,,,,,NA,,,,,,,
683,4:00,,student,,,,,,,,NA,,,,,,,
684,4:00,,student,,,,,,,,NA,,,,,,,
685,4:00,,student,,,,,,,,NA,,,,,,,
686,4:00,,student,,,,,,,,NA,,,,,,,
687,4:00,,student,,,,,,,,NA,,,,,,,
688,4:00,,student,,,,,,,,NA,,,,,,,
689,4:00,,student,,,,,,,,NA,,,,,,,
690,4:00,,student,,,,,,,,NA,,,,,,,
691,4:00,,student,,,,,,,,NA,,,,,,,
692,4:00,,student,,,,,,,,NA,,,,,,,
693,4:00,,student,,,,,,,,NA,,,,,,,
694,4:00,,student,,,,,,,,NA,,,,,,,
695,4:00,,student,,,,,,,,NA,,,,,,,
696,4:00,,student,,,,,,,,NA,,,,,,,
697,4:00,,student,,,,,,,,NA,,,,,,,
698,4:00,,student,,,,,,,,NA,,,,,,,
699,4:00,,student,,,,,,,,NA,,,,,,,
700,4:00,,student,,,,,,,,NA,,,,,,,
701,4:00,,student,,,,,,,,NA,,,,,,,
702,4:00,,student,,,,,,,,NA,,,,,,,
703,4:00,,student,,,,,,,,NA,,,,,,,
704,4:00,,student,,,,,,,,NA,,,,,,,
705,4:00,,student,,,,,,,,NA,,,,,,,
706,4:00,,student,,,,,,,,NA,,,,,,,
707,4:00,,student,,,,,,,,NA,,,,,,,
708,4:00,,student,,,,,,,,NA,,,,,,,
709,4:00,skateboard,student,,,,,3,,,Mobile,,,,,,,
710,4:00,scooter,student,,,,,9,,,Mobile,,,,,,,
711,4:00,,student,,,,,,,,NA,,,,,,,
712,4:00,,student,,,,,,,,NA,,,,,,,
713,4:00,,student,,,,,,,,NA,,,,,,,
714,4:00,,student,,,,,,,,NA,,,,,,,
715,4:00,,student,,,,,,,,NA,,,,,,,
716,4:00,,student,,,,,,,,NA,,,,,,,
717,4:00,,student,,,,,,,,NA,,,,,,,
718,4:00,,student,,,,,,,,NA,,,,,,,
719,4:00,,student,,,,,,,,NA,,,,,,,
720,4:00,,student,,,,,,,,NA,,,,,,,
721,4:00,,student,,,,,,,,NA,,,,,,,
722,4:00,,student,,,,,,,,NA,,,,,,,
723,4:00,,student,,,,,,,,NA,,,,,,,
724,4:00,,student,,,,,,,,NA,,,,,,,
725,4:00,,student,,,,,,,,NA,,,,,,,
726,4:00,,student,,,,,,,,NA,,,,,,,
727,4:00,,student,,,,,,,,NA,,,,,,,
728,4:00,,student,,,,,,,,NA,,,,,,,
729,4:00,,student,,,,,,,,NA,,,,,,,
730,4:00,,student,,,,,,,,NA,,,,,,,
731,4:00,,student,,,,,,,,NA,,,,,,,
732,4:00,,student,,,,,,,,NA,,,,,,,
733,4:00,,student,,,,,,,,NA,,,,,,,
734,4:00,saying id number,student,,,,,6,,,Assistance,,,,,,,
735,4:00,,student,,,,,,,,NA,,,,,,,
736,4:00,,student,,,,,,,,NA,,,,,,,
737,4:00,,student,,,,,,,,NA,,,,,,,
738,4:00,,student,,,,,,,,NA,,,,,,,
739,4:00,,student,,,,,,,,NA,,,,,,,
740,4:00,,student,,,,,,,,NA,,,,,,,
741,4:00,,student,,,,,,,,NA,,,,,,,
742,4:00,,student,,,,,,,,NA,,,,,,,
743,4:00,,student,,,,,,,,NA,,,,,,,
744,4:00,,student,,,,,,,,NA,,,,,,,
745,4:00,,student,,,,,,,,NA,,,,,,,
746,4:00,,student,,,,,,,,NA,,,,,,,
747,4:00,,student,,,,,,,,NA,,,,,,,
748,4:00,,student,,,,,,,,NA,,,,,,,
749,4:00,,student,,,,,,,,NA,,,,,,,
750,4:00,,student,,,,,,,,NA,,,,,,,
751,4:00,,student,,,,,,,,NA,,,,,,,
752,4:00,,student,,,,,,,,NA,,,,,,,
753,4:00,,student,,,,,,,,NA,,,,,,,
754,4:00,,student,,,,,,,,NA,,,,,,,
755,4:00,,student,,,,,,,,NA,,,,,,,
756,4:00,forgot i'd,student,,,,,15.84,,,Assistance,,,,,,,
757,4:00,,student,,,,,,,,NA,,,,,,,
758,4:00,,student,,,,,,,,NA,,,,,,,
759,4:00,,student,,,,,,,,NA,,,,,,,
760,4:00,,student,,,,,,,,NA,,,,,,,
761,4:00,,student,,,,,,,,NA,,,,,,,
762,4:00,,student,,,,,,,,NA,,,,,,,
763,4:00,,student,,,,,,,,NA,,,,,,,
764,4:00,,student,,,,,,,,NA,,,,,,,
765,4:00,,student,,,,,,,,NA,,,,,,,
766,4:00,,student,,,,,,,,NA,,,,,,,
767,4:00,,student,,,,,,,,NA,,,,,,,
768,4:00,,student,,,,,,,,NA,,,,,,,
769,4:00,,student,,,,,,,,NA,,,,,,,
770,4:00,,student,,,,,,,,NA,,,,,,,
771,4:00,,student,,,,,,,,NA,,,,,,,
772,4:00,,student,,,,,,,,NA,,,,,,,
773,4:00,took a while to enter i'd,student,,,,,12.44,,,Assistance,,,,,,,
774,4:00,,student,,,,,,,,NA,,,,,,,
775,4:00,,student,,,,,,,,NA,,,,,,,
776,4:00,,student,,,,,,,,NA,,,,,,,
777,4:00,,student,,,,,,,,NA,,,,,,,
778,4:00,,student,,,,,,,,NA,,,,,,,
779,4:00,,student,,,,,,,,NA,,,,,,,
780,4:00,,student,,,,,,,,NA,,,,,,,
781,4:00,,student,,,,,,,,NA,,,,,,,
782,4:00,,student,,,,,,,,NA,,,,,,,
783,4:00,,student,,,,,,,,NA,,,,,,,
784,4:00,,student,,,,,,,,NA,,,,,,,
785,4:00,getting out id ,student,,,,,6,,,Unprepared,,,,,,,
786,4:00,,student,,,,,,,,NA,,,,,,,
787,4:00,,student,,,,,,,,NA,,,,,,,
788,4:00,,student,,,,,,,,NA,,,,,,,
789,4:00,,student,,,,,,,,NA,,,,,,,
790,4:00,,student,,,,,,,,NA,,,,,,,
791,4:00,,student,,,,,,,,NA,,,,,,,
792,4:00,,student,,,,,,,,NA,,,,,,,
793,4:00,,student,,,,,,,,NA,,,,,,,
794,4:00,,student,,,,,,,,NA,,,,,,,
795,4:00,,student,,,,,,,,NA,,,,,,,
796,4:00,,student,,,,,,,,NA,,,,,,,
797,4:00,,student,,,,,,,,NA,,,,,,,
798,4:00,,student,,,,,,,,NA,,,,,,,
799,4:00,,student,,,,,,,,NA,,,,,,,
800,4:00,,student,,,,,,,,NA,,,,,,,
801,4:00,,student,,,,,,,,NA,,,,,,,
802,4:00,,student,,,,,,,,NA,,,,,,,
803,4:00,,student,,,,,,,,NA,,,,,,,
804,4:00,,student,,,,,,,,NA,,,,,,,
805,4:00,,student,,,,,,,,NA,,,,,,,
806,4:00,,student,,,,,,,,NA,,,,,,,
807,4:00,,student,,,,,,,,NA,,,,,,,
808,4:00,,student,,,,,,,,NA,,,,,,,
809,4:00,,student,,,,,,,,NA,,,,,,,
810,4:00,,student,,,,,,,,NA,,,,,,,
811,4:00,,student,,,,,,,,NA,,,,,,,
812,4:00,,student,,,,,,,,NA,,,,,,,
813,4:00,,student,,,,,,,,NA,,,,,,,
814,4:00,,student,,,,,,,,NA,,,,,,,
815,4:00,,student,,,,,,,,NA,,,,,,,
816,4:00,,student,,,,,,,,NA,,,,,,,
817,4:00,,student,,,,,,,,NA,,,,,,,
818,4:00,,student,,,,,,,,NA,,,,,,,
819,4:00,,student,,,,,,,,NA,,,,,,,
820,4:00,,student,,,,,,,,NA,,,,,,,
821,4:00,,student,,,,,,,,NA,,,,,,,
822,4:00,,student,,,,,,,,NA,,,,,,,
823,4:00,,student,,,,,,,,NA,,,,,,,
824,4:00,,student,,,,,,,,NA,,,,,,,
825,4:00,,student,,,,,,,,NA,,,,,,,
826,4:00,two grandmas asking ab visitor id and directions then yapping away ,student,,,,,65,,,Assistance,,,,,,,
827,4:00,girl had to walk around them grandmas ,student,,,,,5,,following grandmas,Pileup,,,,,,,
828,4:00,,student,,,,,,,,NA,,,,,,,
829,4:00,,student,,,,,,,,NA,,,,,,,
830,4:00,,student,,,,,,,,NA,,,,,,,
831,4:00,,student,,,,,,,,NA,,,,,,,
832,4:00,,student,,,,,,,,NA,,,,,,,
833,4:00,,student,,,,,,,,NA,,,,,,,
834,4:00,,student,,,,,,,,NA,,,,,,,
835,4:00,,student,,,,,,,,NA,,,,,,,
836,4:00,,student,,,,,,,,NA,,,,,,,
837,4:00,,student,,,,,,,,NA,,,,,,,
838,4:00,,student,,,,,,,,NA,,,,,,,
839,4:00,,student,,,,,,,,NA,,,,,,,
840,4:00,,student,,,,,,,,NA,,,,,,,
841,4:00,,student,,,,,,,,NA,,,,,,,
842,4:00,,student,,,,,,,,NA,,,,,,,
843,4:00,,student,,,,,,,,NA,,,,,,,
844,4:00,,student,,,,,,,,NA,,,,,,,
845,4:00,,student,,,,,,,,NA,,,,,,,
846,4:00,,student,,,,,,,,NA,,,,,,,
847,4:00,,student,,,,,,,,NA,,,,,,,
848,4:00,showed id,visitor,,,,,5,,,Assistance,,,,,,,
849,4:00,scooter,student,,,,,5,,,Mobile,,,,,,,
402 - Start ,12:00,,,,,,,,,,NA,,,,,,,
403,12:00,entrance wrong way,,,,,,,,,WE,,,,,,,
404,12:00,entrance wrong way,,,,,,,,,WE,,,,,,,
405,12:00,entrance wrong way,,,,,,,,,WE,,,,,,,
406,12:00,entrance wrong way,,,,,,,,,WE,,,,,,,
407,12:00,entrance wrong way,,,,,,,,,WE,,,,,,,
408,12:00,entrance wrong way,,,,,,,,,WE,,,,,,,
409,12:00,,vistor,,3,2,3,3,,,Unprepared,,,,,,,
410,12:00,look for in beg,vistor,,1,2,3,30,,,Unprepared,,,,,,,
411,12:00,"Caused a pile up of 10 people, all use scanner 1",vistor,,1,2,3,,,following,NA,,,,,,,
412,12:00,,vistor,,1,2,3,,,following,NA,,,,,,,
413,12:00,,vistor,,1,2,3,30,,following,Unprepared,,,,,,,
414,12:00,,visitor,,1,2,3,,,following,NA,,,,,,,
415,12:00,,vistor,,1,2,3,,,following,NA,,,,,,,
416,12:00,,v,,1,2,3,,,following,NA,,,,,,,
417,12:00,,v,,1,2,3,,,following,NA,,,,,,,
418,12:00,,vistor,,1,2,3,,,,NA,,,,,,,
419,12:00,,student,,1,2,3,,,,NA,,,,,,,
420,12:00,"pair of 2, looking for id on phone",vistor,,1,2,3,25,,,Assistance,,,,,,,
421,12:00,,vistor,,1,2,3,,,,NA,,,,,,,
422,12:00,left entrance wrong way,vistor,,1,2,3,,,,WE,,,,,,,
423,12:00,left entrance wrong way,visotr,,1,2,3,,,,WE,,,,,,,
424,12:00,"when in pairs of two, they go to the same scanner (1)",vistor,,1,2,3,15,,,Unprepared,,,,,,,
425,12:00,,visitor,,1,2,3,7.5,,Average time,Pileup,,,,,,,
426,12:00,,vistor,,1,2,3,7.5,,Took 8th person 1 minute to get through,Pileup,,,,,,,
427,12:00,,student,,1,1,3,7.5,,,Pileup,,,,,,,
428,12:00,"pile up of 8 people, because doinglookup",student,,1,2,3,7.5,,,Pileup,,,,,,,
429,12:00,,student,,1,2,3,7.5,,,Pileup,,,,,,,
430,12:00,,student,,1,2,3,7.5,,,Pileup,,,,,,,
431,12:00,,student,,1,2,3,7.5,,,Pileup,,,,,,,
432,12:00,,student,,1,2,3,7.5,,,Pileup,,,,,,,
433,12:00,,student,,1,2,3,,,,NA,,,,,,,
434,12:00,,student,,1,2,3,,,,NA,,,,,,,
435,12:00,,vistor,,1,2,3,,,,NA,,,,,,,
436,12:00,,vistor,,1,2,3,,,,NA,,,,,,,
437,12:00,,vistor,,1,2,3,,,,NA,,,,,,,
438,12:00,,vistor,,1,2,3,,,,NA,,,,,,,
439,12:00,,vistor,,1,2,3,,,,NA,,,,,,,
410,12:00,,vistor,,1,2,3,,,,NA,,,,,,,
411,12:00,"people go to scanner one, then they walk around them to scanner 2",student,,2,2,3,,,,NA,,,,,,,
412,12:00,,student,,2,2,3,,,,NA,,,,,,,
413,12:00,,student,,1,2,3,,,,NA,,,,,,,
414,12:00,entrance wrong way,vistor,,,,,,,,WE,,,,,,,
415,12:00,entrance wrong way,vistor,,,,,,,,WE,,,,,,,
416,12:00,entrance wrong way,vistor,,,,,,,,WE,,,,,,,
417,12:00,entrance wrong way,vistor,,,,,,,,WE,,,,,,,
418,12:00,entrance wrong way,vistor,,,,,,,,WE,,,,,,,
419,12:00,,vistor,,1,1,3,,,,NA,,,,,,,
420,12:00,,vistor,,1,1,3,,,,NA,,,,,,,
421,12:00,,student,,1,1,3,,,,NA,,,,,,,
422,12:00,,vistor,,1,1,3,,,,NA,,,,,,,
423,12:00,,student,,1,1,3,,,,NA,,,,,,,
424,12:00,,vistor,,1,2,3,,,,NA,,,,,,,
425,12:00,,vistor,,1,1,3,,,,NA,,,,,,,
426,12:00,in a group of 3,vistor,,1,1,3,,,,NA,,,,,,,
427,12:00,,vistor,,1,2,3,,,,NA,,,,,,,
428,12:00,,visitor,,1,2,3,,,,NA,,,,,,,
429,12:00,,vistitor,,1,2,3,,,,NA,,,,,,,
430,12:00,pile up caused by lookup of ID,vistor,,1,2,3,40,,,Assistance,,,,,,,
431,12:00,10 people,,,1,2,3,4,,following,Pileup,,,,,,,
432,12:00,,,,1,2,3,4,,following,Pileup,,,,,,,
433,12:00,,,,1,2,3,4,,following,Pileup,,,,,,,
434,12:00,,,,1,2,3,4,,following,Pileup,,,,,,,
435,12:00,,,,1,2,3,4,,following,Pileup,,,,,,,
436,12:00,,,,1,2,3,4,,following,Pileup,,,,,,,
437,12:00,"all are going to scanner 1 and 2, scanner 3 not used",,,1,2,3,4,,following,Pileup,,,,,,,
438,12:00,,,,1,2,3,4,,following,Pileup,,,,,,,
439,12:00,,,,1,2,3,4,,following,Pileup,,,,,,,
440,12:00,,,,1,2,3,4,,following,Pileup,,,,,,,
441,12:00,,,,1,2,3,4,,following,Pileup,,,,,,,
442,12:00,,,,1,2,3,4,,following,Pileup,,,,,,,
443,12:00,,,,1,2,3,4,,following,Pileup,,,,,,,
444,12:00,,,,1,2,3,50,,group of 6,NA,,,,,,,
445,12:00,,,,1,2,3,8.3,,group,NA,,,,,,,
446,12:00,,,,1,2,3,8.3,,group,NA,,,,,,,
447,12:00,,,,1,2,3,8.3,,group,NA,,,,,,,
448,12:00,,,,1,2,3,8.3,,group,NA,,,,,,,
449,12:00,,,,1,2,3,8.3,,group,NA,,,,,,,
450,12:00,,,,1,2,3,8.3,,group,NA,,,,,,,
413,12:00,,student,,1,2,3,,,,NA,,,,,,,
414,12:00,entrance wrong way,vistor,,,,,,,,WE,,,,,,,
415,12:00,entrance wrong way,vistor,,,,,,,,WE,,,,,,,
416,12:00,entrance wrong way,vistor,,,,,,,,WE,,,,,,,
417,12:00,entrance wrong way,vistor,,,,,,,,WE,,,,,,,
418,12:00,entrance wrong way,vistor,,,,,,,,WE,,,,,,,
419,12:00,,vistor,,1,1,3,,,,NA,,,,,,,
420,12:00,,vistor,,1,1,3,,,,NA,,,,,,,
421,12:00,,student,,1,1,3,,,,NA,,,,,,,
422,12:00,,vistor,,1,1,3,,,,NA,,,,,,,
423,12:00,,student,,1,1,3,,,,NA,,,,,,,
424,12:00,,vistor,,1,2,3,,,,NA,,,,,,,
425,12:00,,vistor,,1,1,3,,,,NA,,,,,,,
426,12:00,in a group of 3,vistor,,1,1,3,,,,NA,,,,,,,
427,12:00,,vistor,,1,2,3,,,,NA,,,,,,,
428,12:00,,visitor,,1,2,3,,,,NA,,,,,,,
429,12:00,,vistitor,,1,2,3,,,,NA,,,,,,,
430,12:00,pile up caused by lookup of ID,vistor,,1,2,3,40,,,Assistance,,,,,,,
431,12:00,10 people,,,1,2,3,4,,following,Pileup,,,,,,,
432,12:00,,,,1,2,3,4,,following,Pileup,,,,,,,
433,12:00,,,,1,2,3,4,,following,Pileup,,,,,,,
434,12:00,,,,1,2,3,4,,following,Pileup,,,,,,,
435,12:00,,,,1,2,3,4,,following,Pileup,,,,,,,
436,12:00,,,,1,2,3,4,,following,Pileup,,,,,,,
437,12:00,"all are going to scanner 1 and 2, scanner 3 not used",,,1,2,3,4,,following,Pileup,,,,,,,
438,12:00,,,,1,2,3,4,,following,Pileup,,,,,,,
439,12:00,,,,1,2,3,4,,following,Pileup,,,,,,,
440,12:00,,,,1,2,3,4,,following,Pileup,,,,,,,
441,12:00,,,,1,2,3,4,,following,Pileup,,,,,,,
442,12:00,,,,1,2,3,4,,following,Pileup,,,,,,,
443,12:00,,,,1,2,3,4,,following,Pileup,,,,,,,
444,12:00,,,,1,2,3,50,,group of 6,NA,,,,,,,
445,12:00,,,,1,2,3,8.3,,group,NA,,,,,,,
446,12:00,,,,1,2,3,8.3,,group,NA,,,,,,,
447,12:00,,,,1,2,3,8.3,,group,NA,,,,,,,
448,12:00,,,,1,2,3,8.3,,group,NA,,,,,,,
449,12:00,,,,1,2,3,8.3,,group,NA,,,,,,,
450,12:00,,,,1,2,3,8.3,,group,NA,,,,,,,
421,12:00,,student,,1,1,3,,,,NA,,,,,,,
422,12:00,,vistor,,1,1,3,,,,NA,,,,,,,
423,12:00,,student,,1,1,3,,,,NA,,,,,,,
424,12:00,,vistor,,1,2,3,,,,NA,,,,,,,
425,12:00,,vistor,,1,1,3,,,,NA,,,,,,,
426,12:00,in a group of 3,vistor,,1,1,3,,,,NA,,,,,,,
427,12:00,,vistor,,1,2,3,,,,NA,,,,,,,
428,12:00,,visitor,,1,2,3,,,,NA,,,,,,,
429,12:00,,vistitor,,1,2,3,,,,NA,,,,,,,
430,12:00,pile up caused by lookup of ID,vistor,,1,2,3,40,,,Assistance,,,,,,,
431,12:00,10 people,,,1,2,3,4,,following,Pileup,,,,,,,
432,12:00,,,,1,2,3,4,,following,Pileup,,,,,,,
433,12:00,,,,1,2,3,4,,following,Pileup,,,,,,,
434,12:00,,,,1,2,3,4,,following,Pileup,,,,,,,
435,12:00,,,,1,2,3,4,,following,Pileup,,,,,,,
436,12:00,,,,1,2,3,4,,following,Pileup,,,,,,,
437,12:00,"all are going to scanner 1 and 2, scanner 3 not used",,,1,2,3,4,,following,Pileup,,,,,,,
438,12:00,,,,1,2,3,4,,following,Pileup,,,,,,,
439,12:00,,,,1,2,3,4,,following,Pileup,,,,,,,